n,structure,total_bytes,bytes_per_element,total_mb
100,DynamicArray,480,4.80,0.0005
100,MyLinkedList,2472,24.72,0.0024
100,MinHeap,480,4.80,0.0005
1000,DynamicArray,4080,4.08,0.0039
1000,MyLinkedList,24072,24.07,0.0230
1000,MinHeap,4080,4.08,0.0039
10000,DynamicArray,40080,4.01,0.0382
10000,MyLinkedList,240072,24.01,0.2290
10000,MinHeap,40080,4.01,0.0382
50000,DynamicArray,200080,4.00,0.1908
50000,MyLinkedList,1200072,24.00,1.1445
50000,MinHeap,200080,4.00,0.1908
100000,DynamicArray,400080,4.00,0.3815
100000,MyLinkedList,2400072,24.00,2.2889
100000,MinHeap,400080,4.00,0.3815