workload,variant,structure,n,time_ms,steps,moves,comparisons
W1,-,DynamicArray,100,0,0936,10000,0,0
W1,-,MyLinkedList,100,0,4295,255745,0,0
W2,-,DynamicArray,100,0,0537,75375,0,75375
W2,-,MyLinkedList,100,0,1804,150250,0,75375
W3,head,DynamicArray,100,0,0881,1200000,1200000,0
W3,head,MyLinkedList,100,0,0346,1000,5000,0
W3,middle,DynamicArray,100,0,1235,600500,600500,0
W3,middle,MyLinkedList,100,0,8755,599500,6000,0
W4,-,MinHeap,100,0,0075,3402,1264,1069
W1,-,DynamicArray,1000,0,0299,10000,0,0
W1,-,MyLinkedList,1000,3,4348,2497236,0,0
W2,-,DynamicArray,1000,0,3405,750836,0,750836
W2,-,MyLinkedList,1000,1,4894,1501172,0,750836
W3,head,DynamicArray,1000,0,2092,3000000,3000000,0
W3,head,MyLinkedList,1000,0,0493,1000,5000,0
W3,middle,DynamicArray,1000,0,1518,1500500,1500500,0
W3,middle,MyLinkedList,1000,2,1697,1499500,6000,0
W4,-,MinHeap,1000,0,1561,54004,19360,17322
W1,-,DynamicArray,10000,0,1010,10000,0,0
W1,-,MyLinkedList,10000,36,5124,25125556,0,0
W2,-,DynamicArray,10000,3,9153,7529336,0,7529336
W2,-,MyLinkedList,10000,14,4856,15058172,0,7529336
W3,head,DynamicArray,10000,0,6827,21000000,21000000,0
W3,head,MyLinkedList,10000,0,0218,1000,5000,0
W3,middle,DynamicArray,10000,0,5404,10500500,10500500,0
W3,middle,MyLinkedList,10000,14,4018,10499500,6000,0
W4,-,MinHeap,10000,1,3275,737548,258980,239284
W1,-,DynamicArray,100000,0,2908,10000,0,0
W1,-,MyLinkedList,100000,329,2753,248896755,0,0
W2,-,DynamicArray,100000,30,0855,73835543,0,73835543
W2,-,MyLinkedList,100000,136,6193,147670586,0,73835543
W3,head,DynamicArray,100000,11,3949,201000000,201000000,0
W3,head,MyLinkedList,100000,0,0079,1000,5000,0
W3,middle,DynamicArray,100000,5,7781,100500500,100500500,0
W3,middle,MyLinkedList,100000,133,9311,100499500,6000,0
W4,-,MinHeap,100000,10,4540,9376120,3257554,3059283
